<?xml version="1.0" encoding="UTF-8"?>
<project-private xmlns="http://www.netbeans.org/ns/project-private/1">
    <editor-bookmarks xmlns="http://www.netbeans.org/ns/editor-bookmarks/2" lastBookmarkId="0"/>
    <open-files xmlns="http://www.netbeans.org/ns/projectui-open-files/2">
        <group>
            <file>file:/C:/Users/User/Desktop/CPU-Schedulers-Simulator-master/src/Assignment3_os/PriorityScheduling.java</file>
            <file>file:/C:/Users/User/Desktop/CPU-Schedulers-Simulator-master/src/Assignment3_os/SJB_NonPre.java</file>
            <file>file:/C:/Users/User/Desktop/CPU-Schedulers-Simulator-master/src/Assignment3_os/Graphical_representation.java</file>
            <file>file:/C:/Users/User/Desktop/CPU-Schedulers-Simulator-master/src/Assignment3_os/AG.java</file>
            <file>file:/C:/Users/User/Desktop/CPU-Schedulers-Simulator-master/src/Assignment3_os/Input.java</file>
            <file>file:/C:/Users/User/Desktop/CPU-Schedulers-Simulator-master/src/Assignment3_os/SRTF.java</file>
            <file>file:/C:/Users/User/Desktop/CPU-Schedulers-Simulator-master/src/Assignment3_os/processInputs.java</file>
            <file>file:/C:/Users/User/Desktop/CPU-Schedulers-Simulator-master/src/Assignment3_os/Main.java</file>
            <file>file:/C:/Users/User/Desktop/CPU-Schedulers-Simulator-master/src/Assignment3_os/lInput.java</file>
        </group>
    </open-files>
</project-private>
